{
  "hosts": [
    "amy poehler",
    "tina fey"
  ],
  "award_data": {
    "best original song": {
      "nominees": [],
      "presenters": [],
      "winner": null
    },
    "best tv series drama on the": {
      "nominees": [],
      "presenters": [],
      "winner": null
    },
    "best actor at the golden": {
      "nominees": [],
      "presenters": [],
      "winner": null
    },
    "best animated feature at golden globes": {
      "nominees": [],
      "presenters": [],
      "winner": null
    },
    "best supporting actor at the golden globes 2013": {
      "nominees": [],
      "presenters": [],
      "winner": null
    },
    "best actress award in the comedy": {
      "nominees": [],
      "presenters": [],
      "winner": null
    },
    "best actor in a miniseries or tv movie": {
      "nominees": [],
      "presenters": [],
      "winner": null
    },
    "best show on television": {
      "nominees": [],
      "presenters": [],
      "winner": null
    },
    "best golden globes presenter": {
      "nominees": [],
      "presenters": [],
      "winner": null
    },
    "best motion picture screenplay": {
      "nominees": [],
      "presenters": [],
      "winner": null
    },
    "best original song at the golden globes": {
      "nominees": [],
      "presenters": [],
      "winner": null
    },
    "best tv show musical": {
      "nominees": [],
      "presenters": [],
      "winner": null
    },
    "best tv actress in a comedy from girls": {
      "nominees": [],
      "presenters": [],
      "winner": null
    },
    "best actor on a drama series": {
      "nominees": [],
      "presenters": [],
      "winner": null
    },
    "best eight year old boy": {
      "nominees": [],
      "presenters": [],
      "winner": null
    },
    "best film comedy or musical": {
      "nominees": [],
      "presenters": [],
      "winner": null
    },
    "best actress in a tv drama at the": {
      "nominees": [],
      "presenters": [],
      "winner": null
    },
    "best actress in a": {
      "nominees": [],
      "presenters": [],
      "winner": null
    },
    "best tv miniseries": {
      "nominees": [],
      "presenters": [],
      "winner": null
    },
    "best actor in miniseries or tv movie": {
      "nominees": [],
      "presenters": [],
      "winner": null
    },
    "best supporting actress at golden globes 2013": {
      "nominees": [],
      "presenters": [],
      "winner": null
    },
    "best song at the": {
      "nominees": [],
      "presenters": [],
      "winner": null
    },
    "best tv actor": {
      "nominees": [],
      "presenters": [],
      "winner": null
    },
    "best supporting actress": {
      "nominees": [],
      "presenters": [],
      "winner": null
    },
    "best picture musical": {
      "nominees": [],
      "presenters": [],
      "winner": null
    },
    "best tv drama": {
      "nominees": [],
      "presenters": [],
      "winner": null
    },
    "best actress in a drama": {
      "nominees": [],
      "presenters": [],
      "winner": null
    },
    "best movie award": {
      "nominees": [],
      "presenters": [],
      "winner": null
    },
    "best tv drama series": {
      "nominees": [],
      "presenters": [],
      "winner": null
    },
    "best screenplay and supporting actor": {
      "nominees": [],
      "presenters": [],
      "winner": null
    },
    "best actress at the golden globes": {
      "nominees": [],
      "presenters": [],
      "winner": null
    },
    "best motion picture": {
      "nominees": [],
      "presenters": [],
      "winner": null
    },
    "best actress in a comedy at the 2013": {
      "nominees": [],
      "presenters": [],
      "winner": null
    },
    "best actor in drama": {
      "nominees": [],
      "presenters": [],
      "winner": null
    },
    "best directorial erasure of non": {
      "nominees": [],
      "presenters": [],
      "winner": null
    },
    "best actor in a musical or comedy": {
      "nominees": [],
      "presenters": [],
      "winner": null
    },
    "best supporting actor in a motion picture": {
      "nominees": [],
      "presenters": [],
      "winner": null
    },
    "best score award to mychael danna": {
      "nominees": [],
      "presenters": [],
      "winner": null
    },
    "best director and argo": {
      "nominees": [],
      "presenters": [],
      "winner": null
    },
    "best actress |": {
      "nominees": [],
      "presenters": [],
      "winner": null
    },
    "best actress in a miniseries or tv movie": {
      "nominees": [],
      "presenters": [],
      "winner": null
    },
    "best actress tonight at the": {
      "nominees": [],
      "presenters": [],
      "winner": null
    },
    "best film in the comedy": {
      "nominees": [],
      "presenters": [],
      "winner": null
    },
    "best personality on the red carpet tonight": {
      "nominees": [],
      "presenters": [],
      "winner": null
    },
    "best actress in a tv series drama": {
      "nominees": [],
      "presenters": [],
      "winner": null
    },
    "best tv actress": {
      "nominees": [],
      "presenters": [],
      "winner": null
    },
    "best actor in tv miniseries": {
      "nominees": [],
      "presenters": [],
      "winner": null
    },
    "best actress in a drama television series": {
      "nominees": [],
      "presenters": [],
      "winner": null
    },
    "best actress in a comedy or musical": {
      "nominees": [],
      "presenters": [],
      "winner": null
    },
    "best foreign language film at the": {
      "nominees": [],
      "presenters": [],
      "winner": null
    },
    "best cleavage award": {
      "nominees": [],
      "presenters": [],
      "winner": null
    },
    "best tv series drama": {
      "nominees": [],
      "presenters": [],
      "winner": null
    },
    "best comedy tv series": {
      "nominees": [],
      "presenters": [],
      "winner": null
    },
    "best supporting actor": {
      "nominees": [],
      "presenters": [],
      "winner": null
    },
    "best motion picture at golden globes": {
      "nominees": [],
      "presenters": [],
      "winner": null
    },
    "best actor in a comedy or musical": {
      "nominees": [],
      "presenters": [],
      "winner": null
    },
    "best bipartisan freak out bait": {
      "nominees": [],
      "presenters": [],
      "winner": null
    },
    "best animated feature film at the": {
      "nominees": [],
      "presenters": [],
      "winner": null
    },
    "best actor in tv series 4\"house of lies": {
      "nominees": [],
      "presenters": [],
      "winner": null
    },
    "best movie drama": {
      "nominees": [],
      "presenters": [],
      "winner": null
    },
    "best animated film": {
      "nominees": [],
      "presenters": [],
      "winner": null
    },
    "best actor miniseries and is currently": {
      "nominees": [],
      "presenters": [],
      "winner": null
    },
    "best actor in golden globes": {
      "nominees": [],
      "presenters": [],
      "winner": null
    },
    "best school in asia": {
      "nominees": [],
      "presenters": [],
      "winner": null
    },
    "best musical or comedy": {
      "nominees": [],
      "presenters": [],
      "winner": null
    },
    "best actress in a tv series- drama": {
      "nominees": [],
      "presenters": [],
      "winner": null
    },
    "best actor & amp": {
      "nominees": [],
      "presenters": [],
      "winner": null
    },
    "best actress in a comedic or musical film": {
      "nominees": [],
      "presenters": [],
      "winner": null
    },
    "best presenter by far at the": {
      "nominees": [],
      "presenters": [],
      "winner": null
    },
    "best actor in a motion picture": {
      "nominees": [],
      "presenters": [],
      "winner": null
    },
    "best actor in miniseries": {
      "nominees": [],
      "presenters": [],
      "winner": null
    },
    "best part of the show": {
      "nominees": [],
      "presenters": [],
      "winner": null
    },
    "best actor in a tv drama": {
      "nominees": [],
      "presenters": [],
      "winner": null
    },
    "best director category": {
      "nominees": [],
      "presenters": [],
      "winner": null
    },
    "best supporting actor at golden globes": {
      "nominees": [],
      "presenters": [],
      "winner": null
    },
    "best picture of the year": {
      "nominees": [],
      "presenters": [],
      "winner": null
    },
    "best musical or whatever": {
      "nominees": [],
      "presenters": [],
      "winner": null
    },
    "best actress in the great zero dark 30": {
      "nominees": [],
      "presenters": [],
      "winner": null
    },
    "best part of django unchained": {
      "nominees": [],
      "presenters": [],
      "winner": null
    },
    "best films of 2012 and ben affleck": {
      "nominees": [],
      "presenters": [],
      "winner": null
    },
    "best drama i": {
      "nominees": [],
      "presenters": [],
      "winner": null
    },
    "best director to ben affleck": {
      "nominees": [],
      "presenters": [],
      "winner": null
    },
    "best actress in a tv comedy or musical": {
      "nominees": [],
      "presenters": [],
      "winner": null
    },
    "best actor in a comedy or musical tv series": {
      "nominees": [],
      "presenters": [],
      "winner": null
    },
    "best movie ever": {
      "nominees": [],
      "presenters": [],
      "winner": null
    },
    "best golden globes ever": {
      "nominees": [],
      "presenters": [],
      "winner": null
    },
    "best actress in comedy or musical in film": {
      "nominees": [],
      "presenters": [],
      "winner": null
    },
    "best actor tv comedy series": {
      "nominees": [],
      "presenters": [],
      "winner": null
    },
    "best facial expression": {
      "nominees": [],
      "presenters": [],
      "winner": null
    },
    "best combo of the golden globes haha": {
      "nominees": [],
      "presenters": [],
      "winner": null
    },
    "best actress in motion picture": {
      "nominees": [],
      "presenters": [],
      "winner": null
    },
    "best original score- motion picture": {
      "nominees": [],
      "presenters": [],
      "winner": null
    },
    "best actress in a television series": {
      "nominees": [],
      "presenters": [],
      "winner": null
    },
    "best director at the critics choice awards": {
      "nominees": [],
      "presenters": [],
      "winner": null
    },
    "best picture at the golden globes but is not even": {
      "nominees": [],
      "presenters": [],
      "winner": null
    },
    "best actor in the gol": {
      "nominees": [],
      "presenters": [],
      "winner": null
    },
    "best new actor": {
      "nominees": [],
      "presenters": [],
      "winner": null
    },
    "best dressed and best smile": {
      "nominees": [],
      "presenters": [],
      "winner": null
    },
    "best pixar movie": {
      "nominees": [],
      "presenters": [],
      "winner": null
    },
    "best foreign film": {
      "nominees": [],
      "presenters": [],
      "winner": null
    },
    "best movie at the golden globes": {
      "nominees": [],
      "presenters": [],
      "winner": null
    },
    "best director globe": {
      "nominees": [],
      "presenters": [],
      "winner": null
    },
    "best actress in tv": {
      "nominees": [],
      "presenters": [],
      "winner": null
    },
    "best supporting actress tonight": {
      "nominees": [],
      "presenters": [],
      "winner": null
    },
    "best actress in tv movie": {
      "nominees": [],
      "presenters": [],
      "winner": null
    },
    "best supporting actor globe": {
      "nominees": [],
      "presenters": [],
      "winner": null
    },
    "best original song via": {
      "nominees": [],
      "presenters": [],
      "winner": null
    },
    "best actor in musical": {
      "nominees": [],
      "presenters": [],
      "winner": null
    },
    "best actor on tv": {
      "nominees": [],
      "presenters": [],
      "winner": null
    },
    "best actor tv series or drama": {
      "nominees": [],
      "presenters": [],
      "winner": null
    },
    "best drama and best lead actor here too": {
      "nominees": [],
      "presenters": [],
      "winner": null
    },
    "best picture award": {
      "nominees": [],
      "presenters": [],
      "winner": null
    },
    "best movie of the year": {
      "nominees": [],
      "presenters": [],
      "winner": null
    },
    "best foreign film at the": {
      "nominees": [],
      "presenters": [],
      "winner": null
    },
    "best in cinema today": {
      "nominees": [],
      "presenters": [],
      "winner": null
    },
    "best recovery from a j": {
      "nominees": [],
      "presenters": [],
      "winner": null
    },
    "best director over everyone else": {
      "nominees": [],
      "presenters": [],
      "winner": null
    },
    "best actor motion picture": {
      "nominees": [],
      "presenters": [],
      "winner": null
    },
    "best director at the": {
      "nominees": [],
      "presenters": [],
      "winner": null
    },
    "best miniseries/ tv movie": {
      "nominees": [],
      "presenters": [],
      "winner": null
    },
    "best actor in a tv movie at the golden globes": {
      "nominees": [],
      "presenters": [],
      "winner": null
    },
    "best tv movie": {
      "nominees": [],
      "presenters": [],
      "winner": null
    },
    "best director and": {
      "nominees": [],
      "presenters": [],
      "winner": null
    },
    "best choice up there": {
      "nominees": [],
      "presenters": [],
      "winner": null
    },
    "best director oscar and just": {
      "nominees": [],
      "presenters": [],
      "winner": null
    },
    "best motion picture drama": {
      "nominees": [],
      "presenters": [],
      "winner": null
    },
    "best animation golden globes": {
      "nominees": [],
      "presenters": [],
      "winner": null
    },
    "best foreign language film": {
      "nominees": [],
      "presenters": [],
      "winner": null
    },
    "best song in movie at the": {
      "nominees": [],
      "presenters": [],
      "winner": null
    },
    "best actor in the golden globes musical or": {
      "nominees": [],
      "presenters": [],
      "winner": null
    },
    "best actress i ' m": {
      "nominees": [],
      "presenters": [],
      "winner": null
    },
    "best tv series comedy or musical": {
      "nominees": [],
      "presenters": [],
      "winner": null
    },
    "best television show musical": {
      "nominees": [],
      "presenters": [],
      "winner": null
    },
    "best actor in a miniseries": {
      "nominees": [],
      "presenters": [],
      "winner": null
    },
    "best supporting actress at": {
      "nominees": [],
      "presenters": [],
      "winner": null
    },
    "best comedy series": {
      "nominees": [],
      "presenters": [],
      "winner": null
    },
    "best screenplay well deserved": {
      "nominees": [],
      "presenters": [],
      "winner": null
    },
    "best animated picture": {
      "nominees": [],
      "presenters": [],
      "winner": null
    },
    "best actor | the wrap awards via": {
      "nominees": [],
      "presenters": [],
      "winner": null
    },
    "best awards show in years": {
      "nominees": [],
      "presenters": [],
      "winner": null
    },
    "best speech of the night so far": {
      "nominees": [],
      "presenters": [],
      "winner": null
    },
    "best performance in all the": {
      "nominees": [],
      "presenters": [],
      "winner": null
    },
    "best director award at the": {
      "nominees": [],
      "presenters": [],
      "winner": null
    },
    "best actress motion picture": {
      "nominees": [],
      "presenters": [],
      "winner": null
    },
    "best motion picture comedy": {
      "nominees": [],
      "presenters": [],
      "winner": null
    },
    "best performance in tv series": {
      "nominees": [],
      "presenters": [],
      "winner": null
    },
    "best tv series": {
      "nominees": [],
      "presenters": [],
      "winner": null
    },
    "best original score": {
      "nominees": [],
      "presenters": [],
      "winner": null
    },
    "best original song but i would have": {
      "nominees": [],
      "presenters": [],
      "winner": null
    },
    "best tv comedy series": {
      "nominees": [],
      "presenters": [],
      "winner": null
    },
    "best actress in a drama at the": {
      "nominees": [],
      "presenters": [],
      "winner": null
    },
    "best tv movie and best actress": {
      "nominees": [],
      "presenters": [],
      "winner": null
    },
    "best motion picture tonight .good shit": {
      "nominees": [],
      "presenters": [],
      "winner": null
    },
    "best actor in a drama": {
      "nominees": [],
      "presenters": [],
      "winner": null
    },
    "best performance by an actress": {
      "nominees": [],
      "presenters": [],
      "winner": null
    },
    "best actress drama": {
      "nominees": [],
      "presenters": [],
      "winner": null
    },
    "best actor in comedy or musical": {
      "nominees": [],
      "presenters": [],
      "winner": null
    },
    "best actor in a musical or comedy film": {
      "nominees": [],
      "presenters": [],
      "winner": null
    },
    "best actor drama": {
      "nominees": [],
      "presenters": [],
      "winner": null
    },
    "best part of the night": {
      "nominees": [],
      "presenters": [],
      "winner": null
    },
    "best screenplay award": {
      "nominees": [],
      "presenters": [],
      "winner": null
    },
    "best tv series golden globe award": {
      "nominees": [],
      "presenters": [],
      "winner": null
    },
    "best picture drama": {
      "nominees": [],
      "presenters": [],
      "winner": null
    },
    "best drama over": {
      "nominees": [],
      "presenters": [],
      "winner": null
    },
    "best husband at the": {
      "nominees": [],
      "presenters": [],
      "winner": null
    },
    "best motion picture nominee": {
      "nominees": [],
      "presenters": [],
      "winner": null
    },
    "best supporting actors": {
      "nominees": [],
      "presenters": [],
      "winner": null
    },
    "best actress in comedy": {
      "nominees": [],
      "presenters": [],
      "winner": null
    },
    "best by far": {
      "nominees": [],
      "presenters": [],
      "winner": null
    },
    "best comedy or musical": {
      "nominees": [],
      "presenters": [],
      "winner": null
    },
    "best picture- congrats": {
      "nominees": [],
      "presenters": [],
      "winner": null
    },
    "best actress in a comedy": {
      "nominees": [],
      "presenters": [],
      "winner": null
    },
    "best motion picture drama at the": {
      "nominees": [],
      "presenters": [],
      "winner": null
    },
    "best animated feature film award": {
      "nominees": [],
      "presenters": [],
      "winner": null
    },
    "best director at the golden globes": {
      "nominees": [],
      "presenters": [],
      "winner": null
    },
    "best actor alive": {
      "nominees": [],
      "presenters": [],
      "winner": null
    },
    "best actress in a motion picture comedy or musical": {
      "nominees": [],
      "presenters": [],
      "winner": null
    },
    "best celebrity couple of the year": {
      "nominees": [],
      "presenters": [],
      "winner": null
    },
    "best movie comedy or musical at the golden globes": {
      "nominees": [],
      "presenters": [],
      "winner": null
    },
    "best actress in a miniseries or": {
      "nominees": [],
      "presenters": [],
      "winner": null
    },
    "best actor- drama": {
      "nominees": [],
      "presenters": [],
      "winner": null
    },
    "best actress in a musical or comedy": {
      "nominees": [],
      "presenters": [],
      "winner": null
    },
    "best acceptance speech": {
      "nominees": [],
      "presenters": [],
      "winner": null
    },
    "best child of a celebrity": {
      "nominees": [],
      "presenters": [],
      "winner": null
    },
    "best comedy at": {
      "nominees": [],
      "presenters": [],
      "winner": null
    },
    "best foreign film at": {
      "nominees": [],
      "presenters": [],
      "winner": null
    },
    "best animated movie": {
      "nominees": [],
      "presenters": [],
      "winner": null
    },
    "best actress in a motion picture": {
      "nominees": [],
      "presenters": [],
      "winner": null
    },
    "best actor and les mis": {
      "nominees": [],
      "presenters": [],
      "winner": null
    },
    "best mini series/ tv movie": {
      "nominees": [],
      "presenters": [],
      "winner": null
    },
    "best weed backstage": {
      "nominees": [],
      "presenters": [],
      "winner": null
    },
    "best director at the people 's choice & amp": {
      "nominees": [],
      "presenters": [],
      "winner": null
    },
    "best actor and anne hathaway": {
      "nominees": [],
      "presenters": [],
      "winner": null
    },
    "best supporting actress & amp": {
      "nominees": [],
      "presenters": [],
      "winner": null
    },
    "best supporting actress via": {
      "nominees": [],
      "presenters": [],
      "winner": null
    },
    "best original song in a motion picture": {
      "nominees": [],
      "presenters": [],
      "winner": null
    },
    "best dressed and best eloquently kick": {
      "nominees": [],
      "presenters": [],
      "winner": null
    },
    "best thing in": {
      "nominees": [],
      "presenters": [],
      "winner": null
    },
    "best actress motion picture comedy or musical": {
      "nominees": [],
      "presenters": [],
      "winner": null
    },
    "best director yet no oscar nomination": {
      "nominees": [],
      "presenters": [],
      "winner": null
    },
    "best seat in the house": {
      "nominees": [],
      "presenters": [],
      "winner": null
    },
    "best actor comedy and the entire world collectively goes": {
      "nominees": [],
      "presenters": [],
      "winner": null
    },
    "best drama tv series": {
      "nominees": [],
      "presenters": [],
      "winner": null
    },
    "best award speech": {
      "nominees": [],
      "presenters": [],
      "winner": null
    },
    "best original song motion picture award": {
      "nominees": [],
      "presenters": [],
      "winner": null
    },
    "best actor in a comedy": {
      "nominees": [],
      "presenters": [],
      "winner": null
    },
    "best foreign language": {
      "nominees": [],
      "presenters": [],
      "winner": null
    },
    "best actor so all": {
      "nominees": [],
      "presenters": [],
      "winner": null
    },
    "best film musical": {
      "nominees": [],
      "presenters": [],
      "winner": null
    },
    "best drama movie": {
      "nominees": [],
      "presenters": [],
      "winner": null
    },
    "best speech writer": {
      "nominees": [],
      "presenters": [],
      "winner": null
    },
    "best director at": {
      "nominees": [],
      "presenters": [],
      "winner": null
    },
    "best speech so far": {
      "nominees": [],
      "presenters": [],
      "winner": null
    },
    "best suppporting actor": {
      "nominees": [],
      "presenters": [],
      "winner": null
    },
    "best movie definitely a game changer": {
      "nominees": [],
      "presenters": [],
      "winner": null
    },
    "best actor of": {
      "nominees": [],
      "presenters": [],
      "winner": null
    },
    "best animated feature film": {
      "nominees": [],
      "presenters": [],
      "winner": null
    },
    "best tv movie or miniseries": {
      "nominees": [],
      "presenters": [],
      "winner": null
    },
    "best picture over lincoln": {
      "nominees": [],
      "presenters": [],
      "winner": null
    },
    "best actor tv series": {
      "nominees": [],
      "presenters": [],
      "winner": null
    },
    "best gauze bandage": {
      "nominees": [],
      "presenters": [],
      "winner": null
    },
    "best picture at the": {
      "nominees": [],
      "presenters": [],
      "winner": null
    },
    "best actor mini series": {
      "nominees": [],
      "presenters": [],
      "winner": null
    },
    "best comedy series at the globes": {
      "nominees": [],
      "presenters": [],
      "winner": null
    },
    "best facial hair": {
      "nominees": [],
      "presenters": [],
      "winner": null
    },
    "best actor in a musical or comedy award at": {
      "nominees": [],
      "presenters": [],
      "winner": null
    },
    "best actor in a tv comedy": {
      "nominees": [],
      "presenters": [],
      "winner": null
    },
    "best score category": {
      "nominees": [],
      "presenters": [],
      "winner": null
    },
    "best animated film at": {
      "nominees": [],
      "presenters": [],
      "winner": null
    },
    "best actress in mini": {
      "nominees": [],
      "presenters": [],
      "winner": null
    },
    "best supporting performance in a series": {
      "nominees": [],
      "presenters": [],
      "winner": null
    },
    "best actress in a comedy series": {
      "nominees": [],
      "presenters": [],
      "winner": null
    },
    "best work yet": {
      "nominees": [],
      "presenters": [],
      "winner": null
    },
    "best director award": {
      "nominees": [],
      "presenters": [],
      "winner": null
    },
    "best picture at the oscars": {
      "nominees": [],
      "presenters": [],
      "winner": null
    },
    "best supporting actress in silver linings playbook too": {
      "nominees": [],
      "presenters": [],
      "winner": null
    },
    "best score at the": {
      "nominees": [],
      "presenters": [],
      "winner": null
    },
    "best actor in a drama series at the golden globes": {
      "nominees": [],
      "presenters": [],
      "winner": null
    },
    "best picture and ddl": {
      "nominees": [],
      "presenters": [],
      "winner": null
    },
    "best director on these": {
      "nominees": [],
      "presenters": [],
      "winner": null
    },
    "best director golden globe": {
      "nominees": [],
      "presenters": [],
      "winner": null
    },
    "best screenplay golden globes": {
      "nominees": [],
      "presenters": [],
      "winner": null
    },
    "best supporting actor in a drama": {
      "nominees": [],
      "presenters": [],
      "winner": null
    },
    "best supporting actress in les miserables": {
      "nominees": [],
      "presenters": [],
      "winner": null
    },
    "best actor in tv series": {
      "nominees": [],
      "presenters": [],
      "winner": null
    },
    "best actor in a comedy show": {
      "nominees": [],
      "presenters": [],
      "winner": null
    },
    "best picture at the golden globes": {
      "nominees": [],
      "presenters": [],
      "winner": null
    },
    "best face after losing to carrie underwood": {
      "nominees": [],
      "presenters": [],
      "winner": null
    },
    "best drama tv": {
      "nominees": [],
      "presenters": [],
      "winner": null
    },
    "best actor and best drama series": {
      "nominees": [],
      "presenters": [],
      "winner": null
    },
    "best original song at the": {
      "nominees": [],
      "presenters": [],
      "winner": null
    },
    "best supporting actress in flick": {
      "nominees": [],
      "presenters": [],
      "winner": null
    },
    "best original song goes to skyfall 2013 golden globes": {
      "nominees": [],
      "presenters": [],
      "winner": null
    },
    "best director nom since driving miss daisy": {
      "nominees": [],
      "presenters": [],
      "winner": null
    },
    "best picture on golden globes tonight": {
      "nominees": [],
      "presenters": [],
      "winner": null
    },
    "best supporting actor at": {
      "nominees": [],
      "presenters": [],
      "winner": null
    },
    "best actor in a tv miniseries": {
      "nominees": [],
      "presenters": [],
      "winner": null
    },
    "best actress at": {
      "nominees": [],
      "presenters": [],
      "winner": null
    },
    "best tv mini series": {
      "nominees": [],
      "presenters": [],
      "winner": null
    },
    "best film song": {
      "nominees": [],
      "presenters": [],
      "winner": null
    },
    "best song award": {
      "nominees": [],
      "presenters": [],
      "winner": null
    },
    "best actress comedy or musical": {
      "nominees": [],
      "presenters": [],
      "winner": null
    },
    "best actor in a drama series": {
      "nominees": [],
      "presenters": [],
      "winner": null
    },
    "best anal sex scene": {
      "nominees": [],
      "presenters": [],
      "winner": null
    },
    "best picture drama at": {
      "nominees": [],
      "presenters": [],
      "winner": null
    },
    "best song in a motion picture": {
      "nominees": [],
      "presenters": [],
      "winner": null
    },
    "best animated picture in the golden globes": {
      "nominees": [],
      "presenters": [],
      "winner": null
    },
    "best actor of all time": {
      "nominees": [],
      "presenters": [],
      "winner": null
    },
    "best drama after awkward technical mishap": {
      "nominees": [],
      "presenters": [],
      "winner": null
    },
    "best drama series": {
      "nominees": [],
      "presenters": [],
      "winner": null
    },
    "best drama to close the": {
      "nominees": [],
      "presenters": [],
      "winner": null
    },
    "best drama at the": {
      "nominees": [],
      "presenters": [],
      "winner": null
    },
    "best ass at the": {
      "nominees": [],
      "presenters": [],
      "winner": null
    },
    "best soundtrack score": {
      "nominees": [],
      "presenters": [],
      "winner": null
    },
    "best picture nominees": {
      "nominees": [],
      "presenters": [],
      "winner": null
    },
    "best picture & amp": {
      "nominees": [],
      "presenters": [],
      "winner": null
    },
    "best supporting actor at the golden globes": {
      "nominees": [],
      "presenters": [],
      "winner": null
    },
    "best role yet": {
      "nominees": [],
      "presenters": [],
      "winner": null
    },
    "best director and a standing ovation": {
      "nominees": [],
      "presenters": [],
      "winner": null
    },
    "best drama tv actress": {
      "nominees": [],
      "presenters": [],
      "winner": null
    },
    "best musical of comedy": {
      "nominees": [],
      "presenters": [],
      "winner": null
    },
    "best actress at the": {
      "nominees": [],
      "presenters": [],
      "winner": null
    },
    "best actress tv": {
      "nominees": [],
      "presenters": [],
      "winner": null
    },
    "best actor of all": {
      "nominees": [],
      "presenters": [],
      "winner": null
    },
    "best supporting actress i": {
      "nominees": [],
      "presenters": [],
      "winner": null
    },
    "best supporting tv actress in downton abbey": {
      "nominees": [],
      "presenters": [],
      "winner": null
    },
    "best film drama": {
      "nominees": [],
      "presenters": [],
      "winner": null
    },
    "best life time achievement in movies": {
      "nominees": [],
      "presenters": [],
      "winner": null
    },
    "best actress in a tv miniseries or movie": {
      "nominees": [],
      "presenters": [],
      "winner": null
    },
    "best actress award": {
      "nominees": [],
      "presenters": [],
      "winner": null
    },
    "best motion picture at": {
      "nominees": [],
      "presenters": [],
      "winner": null
    },
    "best motion picture and best director at": {
      "nominees": [],
      "presenters": [],
      "winner": null
    },
    "best supporting actress in a motion picture": {
      "nominees": [],
      "presenters": [],
      "winner": null
    },
    "best best television comedy": {
      "nominees": [],
      "presenters": [],
      "winner": null
    },
    "best actress and": {
      "nominees": [],
      "presenters": [],
      "winner": null
    },
    "best picture- drama": {
      "nominees": [],
      "presenters": [],
      "winner": null
    },
    "best comedy or musical tv series at the": {
      "nominees": [],
      "presenters": [],
      "winner": null
    },
    "best tv comedy |": {
      "nominees": [],
      "presenters": [],
      "winner": null
    },
    "best picture comedy": {
      "nominees": [],
      "presenters": [],
      "winner": null
    },
    "best animated feature": {
      "nominees": [],
      "presenters": [],
      "winner": null
    },
    "best original song goes to": {
      "nominees": [],
      "presenters": [],
      "winner": null
    },
    "best fucking speech yea": {
      "nominees": [],
      "presenters": [],
      "winner": null
    },
    "best supporting actress in a motion picture with les miserables": {
      "nominees": [],
      "presenters": [],
      "winner": null
    },
    "best tv series at the golden globes": {
      "nominees": [],
      "presenters": [],
      "winner": null
    },
    "best supporting actress in a drama": {
      "nominees": [],
      "presenters": [],
      "winner": null
    },
    "best performance in a motion picture": {
      "nominees": [],
      "presenters": [],
      "winner": null
    },
    "best motion picture drama & amp": {
      "nominees": [],
      "presenters": [],
      "winner": null
    },
    "best actress in a comedy or musical movie": {
      "nominees": [],
      "presenters": [],
      "winner": null
    },
    "best actor motion picture drama": {
      "nominees": [],
      "presenters": [],
      "winner": null
    },
    "best director and best drama at": {
      "nominees": [],
      "presenters": [],
      "winner": null
    },
    "best part of the": {
      "nominees": [],
      "presenters": [],
      "winner": null
    },
    "best drama film at globes": {
      "nominees": [],
      "presenters": [],
      "winner": null
    },
    "the foreign film": {
      "nominees": [],
      "presenters": [],
      "winner": null
    },
    "best actor at golden globes": {
      "nominees": [],
      "presenters": [],
      "winner": null
    },
    "best presenter of the": {
      "nominees": [],
      "presenters": [],
      "winner": null
    },
    "best supportin actor at golden globes": {
      "nominees": [],
      "presenters": [],
      "winner": null
    },
    "best picture -drama": {
      "nominees": [],
      "presenters": [],
      "winner": null
    },
    "best performance by an actor in a motion picture": {
      "nominees": [],
      "presenters": [],
      "winner": null
    },
    "best actress ever & lt;3": {
      "nominees": [],
      "presenters": [],
      "winner": null
    },
    "best comedy or musicial": {
      "nominees": [],
      "presenters": [],
      "winner": null
    },
    "best actress in both categories": {
      "nominees": [],
      "presenters": [],
      "winner": null
    },
    "best hollywood movie": {
      "nominees": [],
      "presenters": [],
      "winner": null
    },
    "best motion picture & amp": {
      "nominees": [],
      "presenters": [],
      "winner": null
    },
    "best random stream of consciousness speech": {
      "nominees": [],
      "presenters": [],
      "winner": null
    },
    "best drama and an emmy in between": {
      "nominees": [],
      "presenters": [],
      "winner": null
    },
    "best winner 's reaction": {
      "nominees": [],
      "presenters": [],
      "winner": null
    },
    "best actor in a musical": {
      "nominees": [],
      "presenters": [],
      "winner": null
    },
    "best mini series or tv movie": {
      "nominees": [],
      "presenters": [],
      "winner": null
    },
    "best acceptance speech of the night": {
      "nominees": [],
      "presenters": [],
      "winner": null
    },
    "best foreign film to": {
      "nominees": [],
      "presenters": [],
      "winner": null
    },
    "best actress in a tv series": {
      "nominees": [],
      "presenters": [],
      "winner": null
    },
    "best actor in tv series drama golden globes 2013": {
      "nominees": [],
      "presenters": [],
      "winner": null
    },
    "best score gets played off by an orchestra": {
      "nominees": [],
      "presenters": [],
      "winner": null
    },
    "best actress in a tv drama to claire danes": {
      "nominees": [],
      "presenters": [],
      "winner": null
    },
    "best actress in musical or comedy": {
      "nominees": [],
      "presenters": [],
      "winner": null
    },
    "best actress in a mini": {
      "nominees": [],
      "presenters": [],
      "winner": null
    },
    "best bond theme in a generation": {
      "nominees": [],
      "presenters": [],
      "winner": null
    },
    "best adapted screenplay": {
      "nominees": [],
      "presenters": [],
      "winner": null
    },
    "best actess in a tv series drama": {
      "nominees": [],
      "presenters": [],
      "winner": null
    },
    "best song at golden globes": {
      "nominees": [],
      "presenters": [],
      "winner": null
    },
    "best musical picture at": {
      "nominees": [],
      "presenters": [],
      "winner": null
    },
    "best original song in the golden globes": {
      "nominees": [],
      "presenters": [],
      "winner": null
    },
    "best comedy or musical imo": {
      "nominees": [],
      "presenters": [],
      "winner": null
    },
    "best comedy actor in a television series": {
      "nominees": [],
      "presenters": [],
      "winner": null
    },
    "best original song lol": {
      "nominees": [],
      "presenters": [],
      "winner": null
    },
    "best comedy/ musical": {
      "nominees": [],
      "presenters": [],
      "winner": null
    },
    "best reaction to pimp billy the real 's entrance": {
      "nominees": [],
      "presenters": [],
      "winner": null
    },
    "best actor in a tv drama series": {
      "nominees": [],
      "presenters": [],
      "winner": null
    },
    "best director prize": {
      "nominees": [],
      "presenters": [],
      "winner": null
    },
    "best director golden globes": {
      "nominees": [],
      "presenters": [],
      "winner": null
    },
    "best director in the": {
      "nominees": [],
      "presenters": [],
      "winner": null
    },
    "best television series": {
      "nominees": [],
      "presenters": [],
      "winner": null
    },
    "best actor in a womb or television film": {
      "nominees": [],
      "presenters": [],
      "winner": null
    },
    "best actress in a comedy tv series": {
      "nominees": [],
      "presenters": [],
      "winner": null
    },
    "best animated film golden globes": {
      "nominees": [],
      "presenters": [],
      "winner": null
    },
    "best actor in a motion picture comedy or musical": {
      "nominees": [],
      "presenters": [],
      "winner": null
    },
    "best actor in a mini": {
      "nominees": [],
      "presenters": [],
      "winner": null
    },
    "best foreign lang film": {
      "nominees": [],
      "presenters": [],
      "winner": null
    },
    "best actress in a tv comedy": {
      "nominees": [],
      "presenters": [],
      "winner": null
    },
    "best supporting actress in the golden globes": {
      "nominees": [],
      "presenters": [],
      "winner": null
    },
    "best actress in a motion picture- drama": {
      "nominees": [],
      "presenters": [],
      "winner": null
    },
    "best tv series actress": {
      "nominees": [],
      "presenters": [],
      "winner": null
    },
    "best original screenplay": {
      "nominees": [],
      "presenters": [],
      "winner": null
    },
    "best director and best presenter": {
      "nominees": [],
      "presenters": [],
      "winner": null
    },
    "best film award": {
      "nominees": [],
      "presenters": [],
      "winner": null
    },
    "best actress in a miniseries or motion picture made": {
      "nominees": [],
      "presenters": [],
      "winner": null
    },
    "best presenter of any award": {
      "nominees": [],
      "presenters": [],
      "winner": null
    },
    "best tv series -comedy or musical at the": {
      "nominees": [],
      "presenters": [],
      "winner": null
    },
    "best original song motion picture golden globes 2013": {
      "nominees": [],
      "presenters": [],
      "winner": null
    },
    "best foreign film presented by": {
      "nominees": [],
      "presenters": [],
      "winner": null
    },
    "best skin tight dress": {
      "nominees": [],
      "presenters": [],
      "winner": null
    },
    "best supporting actress in": {
      "nominees": [],
      "presenters": [],
      "winner": null
    },
    "best show in the history of tv": {
      "nominees": [],
      "presenters": [],
      "winner": null
    },
    "best show ever": {
      "nominees": [],
      "presenters": [],
      "winner": null
    },
    "best supporting actress of a best supporting actress": {
      "nominees": [],
      "presenters": [],
      "winner": null
    },
    "best screenplay motion picture with amanda seyfried right now": {
      "nominees": [],
      "presenters": [],
      "winner": null
    },
    "best performance by an actress in a television series": {
      "nominees": [],
      "presenters": [],
      "winner": null
    },
    "best actress on mini series": {
      "nominees": [],
      "presenters": [],
      "winner": null
    },
    "best kanye interruption at the": {
      "nominees": [],
      "presenters": [],
      "winner": null
    },
    "best and worst": {
      "nominees": [],
      "presenters": [],
      "winner": null
    },
    "best screenplay at the golden globes": {
      "nominees": [],
      "presenters": [],
      "winner": null
    },
    "best actor oscars": {
      "nominees": [],
      "presenters": [],
      "winner": null
    },
    "best lead actor in a drama": {
      "nominees": [],
      "presenters": [],
      "winner": null
    },
    "best actor at": {
      "nominees": [],
      "presenters": [],
      "winner": null
    },
    "best foreign film | via": {
      "nominees": [],
      "presenters": [],
      "winner": null
    },
    "best original song at the golden globes in la": {
      "nominees": [],
      "presenters": [],
      "winner": null
    },
    "best picture at": {
      "nominees": [],
      "presenters": [],
      "winner": null
    },
    "best director & amp": {
      "nominees": [],
      "presenters": [],
      "winner": null
    },
    "best song at the golden globes": {
      "nominees": [],
      "presenters": [],
      "winner": null
    },
    "best performance by an actress in tv comedy or musical": {
      "nominees": [],
      "presenters": [],
      "winner": null
    },
    "best tv comedy": {
      "nominees": [],
      "presenters": [],
      "winner": null
    },
    "best actress in drama": {
      "nominees": [],
      "presenters": [],
      "winner": null
    },
    "best actress in girls": {
      "nominees": [],
      "presenters": [],
      "winner": null
    },
    "best supporting actress in a tv movie": {
      "nominees": [],
      "presenters": [],
      "winner": null
    },
    "best actress in a mini series or tv movie": {
      "nominees": [],
      "presenters": [],
      "winner": null
    },
    "best actress in a movie": {
      "nominees": [],
      "presenters": [],
      "winner": null
    },
    "best dramatic picture": {
      "nominees": [],
      "presenters": [],
      "winner": null
    },
    "best supporting actor at the": {
      "nominees": [],
      "presenters": [],
      "winner": null
    },
    "best part of the golden globes": {
      "nominees": [],
      "presenters": [],
      "winner": null
    },
    "best supporting actor in a series or tv movie": {
      "nominees": [],
      "presenters": [],
      "winner": null
    },
    "best performance from claire danes": {
      "nominees": [],
      "presenters": [],
      "winner": null
    },
    "best picture oscar race": {
      "nominees": [],
      "presenters": [],
      "winner": null
    },
    "best movie yayyyyyy": {
      "nominees": [],
      "presenters": [],
      "winner": null
    },
    "best supporting actor in": {
      "nominees": [],
      "presenters": [],
      "winner": null
    },
    "best picture by foreign press": {
      "nominees": [],
      "presenters": [],
      "winner": null
    },
    "best children 's animated series": {
      "nominees": [],
      "presenters": [],
      "winner": null
    },
    "best supporting actress in a miniseries": {
      "nominees": [],
      "presenters": [],
      "winner": null
    },
    "best original song at the golden globes ill be": {
      "nominees": [],
      "presenters": [],
      "winner": null
    },
    "best performance by an actress in a supporting role": {
      "nominees": [],
      "presenters": [],
      "winner": null
    },
    "best director award at golden globes": {
      "nominees": [],
      "presenters": [],
      "winner": null
    },
    "best tv comedy actress": {
      "nominees": [],
      "presenters": [],
      "winner": null
    },
    "best motion picture comedy or musical": {
      "nominees": [],
      "presenters": [],
      "winner": null
    },
    "the best husband of the year": {
      "nominees": [],
      "presenters": [],
      "winner": null
    },
    "best supporting actor at golden globes 2013": {
      "nominees": [],
      "presenters": [],
      "winner": null
    },
    "best supporting actress in a tv series": {
      "nominees": [],
      "presenters": [],
      "winner": null
    },
    "best picture due to a typo": {
      "nominees": [],
      "presenters": [],
      "winner": null
    },
    "best musical or comedy after": {
      "nominees": [],
      "presenters": [],
      "winner": null
    },
    "best telelvision series at the golden globes": {
      "nominees": [],
      "presenters": [],
      "winner": null
    },
    "best actress drama winner at golden globes 2013": {
      "nominees": [],
      "presenters": [],
      "winner": null
    },
    "best actor in a television series": {
      "nominees": [],
      "presenters": [],
      "winner": null
    },
    "best blurry picture with a seal": {
      "nominees": [],
      "presenters": [],
      "winner": null
    },
    "best tv drama series at": {
      "nominees": [],
      "presenters": [],
      "winner": null
    },
    "best supporting actress in a series": {
      "nominees": [],
      "presenters": [],
      "winner": null
    },
    "best original song w/ ' skyfall": {
      "nominees": [],
      "presenters": [],
      "winner": null
    },
    "best peter pan haircut at the golden globes": {
      "nominees": [],
      "presenters": [],
      "winner": null
    },
    "best tux of the night": {
      "nominees": [],
      "presenters": [],
      "winner": null
    },
    "best actress in a miniseries": {
      "nominees": [],
      "presenters": [],
      "winner": null
    },
    "best actress in a tv series comedy series": {
      "nominees": [],
      "presenters": [],
      "winner": null
    },
    "best actor in musical or comedy": {
      "nominees": [],
      "presenters": [],
      "winner": null
    },
    "best actor in a tv series": {
      "nominees": [],
      "presenters": [],
      "winner": null
    },
    "best acceptance speech too lol": {
      "nominees": [],
      "presenters": [],
      "winner": null
    },
    "best movie i saw last year": {
      "nominees": [],
      "presenters": [],
      "winner": null
    },
    "best acceptance speech so far": {
      "nominees": [],
      "presenters": [],
      "winner": null
    },
    "best picture and best director but affleck is snubbed": {
      "nominees": [],
      "presenters": [],
      "winner": null
    },
    "best actress in a musical or comedy golden globes 2013": {
      "nominees": [],
      "presenters": [],
      "winner": null
    },
    "best actress comedy": {
      "nominees": [],
      "presenters": [],
      "winner": null
    },
    "best actor in a motion picture in the drama category": {
      "nominees": [],
      "presenters": [],
      "winner": null
    },
    "best actor and actress respectively in drama series": {
      "nominees": [],
      "presenters": [],
      "winner": null
    },
    "best director despite oscar snub": {
      "nominees": [],
      "presenters": [],
      "winner": null
    },
    "best supporting actress \u270a": {
      "nominees": [],
      "presenters": [],
      "winner": null
    },
    "best foreign film but i did n't": {
      "nominees": [],
      "presenters": [],
      "winner": null
    },
    "best actress in a dramatic film": {
      "nominees": [],
      "presenters": [],
      "winner": null
    },
    "best actor award": {
      "nominees": [],
      "presenters": [],
      "winner": null
    },
    "best actor golden globe": {
      "nominees": [],
      "presenters": [],
      "winner": null
    },
    "best mid season makeover": {
      "nominees": [],
      "presenters": [],
      "winner": null
    },
    "best wife of the night": {
      "nominees": [],
      "presenters": [],
      "winner": null
    },
    "best motion picture at the": {
      "nominees": [],
      "presenters": [],
      "winner": null
    },
    "best drama motion picture": {
      "nominees": [],
      "presenters": [],
      "winner": null
    },
    "best actress in a drama series": {
      "nominees": [],
      "presenters": [],
      "winner": null
    },
    "best musical or comedy at the": {
      "nominees": [],
      "presenters": [],
      "winner": null
    },
    "best actor in a motion picture drama": {
      "nominees": [],
      "presenters": [],
      "winner": null
    },
    "best original song motion picture": {
      "nominees": [],
      "presenters": [],
      "winner": null
    },
    "best things ever said at the golden globes": {
      "nominees": [],
      "presenters": [],
      "winner": null
    },
    "best drama series as well": {
      "nominees": [],
      "presenters": [],
      "winner": null
    },
    "best animated feature at the golden globes": {
      "nominees": [],
      "presenters": [],
      "winner": null
    },
    "best speech of the night": {
      "nominees": [],
      "presenters": [],
      "winner": null
    },
    "best song at golden globes | via": {
      "nominees": [],
      "presenters": [],
      "winner": null
    },
    "best in the business": {
      "nominees": [],
      "presenters": [],
      "winner": null
    },
    "best acceptance speeches": {
      "nominees": [],
      "presenters": [],
      "winner": null
    },
    "best supporting actor golden globes": {
      "nominees": [],
      "presenters": [],
      "winner": null
    },
    "best supporting actor in a tv series": {
      "nominees": [],
      "presenters": [],
      "winner": null
    },
    "best actor in a motion picture musical or comedy": {
      "nominees": [],
      "presenters": [],
      "winner": null
    },
    "best performance by an actor": {
      "nominees": [],
      "presenters": [],
      "winner": null
    },
    "best supporting actress in a tv show": {
      "nominees": [],
      "presenters": [],
      "winner": null
    },
    "best show on tv": {
      "nominees": [],
      "presenters": [],
      "winner": null
    },
    "best director and best picture at golden globes": {
      "nominees": [],
      "presenters": [],
      "winner": null
    },
    "best actress in a tv movie": {
      "nominees": [],
      "presenters": [],
      "winner": null
    },
    "best actor comedy": {
      "nominees": [],
      "presenters": [],
      "winner": null
    },
    "best husband of the year": {
      "nominees": [],
      "presenters": [],
      "winner": null
    },
    "best pic since the movie has a": {
      "nominees": [],
      "presenters": [],
      "winner": null
    },
    "best actress in tv drama": {
      "nominees": [],
      "presenters": [],
      "winner": null
    },
    "best animated movie at": {
      "nominees": [],
      "presenters": [],
      "winner": null
    },
    "best golden globes again": {
      "nominees": [],
      "presenters": [],
      "winner": null
    },
    "best actor in a tv show": {
      "nominees": [],
      "presenters": [],
      "winner": null
    },
    "best motiion picture": {
      "nominees": [],
      "presenters": [],
      "winner": null
    },
    "best comedy i": {
      "nominees": [],
      "presenters": [],
      "winner": null
    },
    "best actress in a musical": {
      "nominees": [],
      "presenters": [],
      "winner": null
    },
    "best original song skyfall": {
      "nominees": [],
      "presenters": [],
      "winner": null
    },
    "best \n  chistmas event movie": {
      "nominees": [],
      "presenters": [],
      "winner": null
    },
    "best musical film at the": {
      "nominees": [],
      "presenters": [],
      "winner": null
    },
    "best facial hair of the night": {
      "nominees": [],
      "presenters": [],
      "winner": null
    },
    "best actress in a comedy or musical at the": {
      "nominees": [],
      "presenters": [],
      "winner": null
    },
    "best actress tv drama": {
      "nominees": [],
      "presenters": [],
      "winner": null
    },
    "best actor in motion picture": {
      "nominees": [],
      "presenters": [],
      "winner": null
    },
    "best hosts ever": {
      "nominees": [],
      "presenters": [],
      "winner": null
    },
    "best actor in a miniseries or motion picture made": {
      "nominees": [],
      "presenters": [],
      "winner": null
    },
    "best drama actor": {
      "nominees": [],
      "presenters": [],
      "winner": null
    },
    "best show on the tube": {
      "nominees": [],
      "presenters": [],
      "winner": null
    },
    "best tv drama actress": {
      "nominees": [],
      "presenters": [],
      "winner": null
    },
    "best actress with": {
      "nominees": [],
      "presenters": [],
      "winner": null
    },
    "best film director": {
      "nominees": [],
      "presenters": [],
      "winner": null
    },
    "best original song goes to skyfall 2013 go": {
      "nominees": [],
      "presenters": [],
      "winner": null
    },
    "best animated feature film | via": {
      "nominees": [],
      "presenters": [],
      "winner": null
    },
    "best miniseries or tv movie": {
      "nominees": [],
      "presenters": [],
      "winner": null
    },
    "best supporting actress xd": {
      "nominees": [],
      "presenters": [],
      "winner": null
    },
    "best dressed tonight": {
      "nominees": [],
      "presenters": [],
      "winner": null
    },
    "best husband ever": {
      "nominees": [],
      "presenters": [],
      "winner": null
    },
    "best dressed hands down": {
      "nominees": [],
      "presenters": [],
      "winner": null
    }
  }
}