{"Best Supporting Actor in a Drama": ["Bradley Cooper", "Jennifer Lawrence"], "Best Supporting Actor in a Motion Picture": ["Bradley Cooper", "Kate Hudson"], "Best Supporting Actor": ["Bradley Cooper", "Christoph Waltz", "Kate Hudson"], "best supporting actress in a series": ["Kerry Washington", "Dennis Quaid"], "Best adapted screenplay": ["Amanda Seyfried", "RT @woahpattinson", "Robert Pattinson"], "Best Score award to Mychael Danna": ["Jason Statham", "Jennifer Lopez", "Mychael Danna"], "Best Original Score": ["Jason Statham", "Mychael Danna"], "Best Original Song": ["J. Lo"], "Best Things Ever Said at the Golden Globes": ["Ricky Gervais", "Anne Hathaway"], "best song award": ["Kanye West"], "best golden globes ever": ["Amy", "Tina", "Bill Clinton"], "best picture nominees": ["BillClinton"], "best children 's animated series": ["George W. Bush"], "best motion picture nominee": ["Clinton"], "best picture at the Golden Globes": ["Clinton"], "best presenter of any award": ["Will Feral"], "best presenter by far at the": ["Bill Clinton"], "best combo of the Golden Globes haha": ["RT @LysssaJoyce: Will Ferrell", "Kristen Wiig"], "best part of the night": ["Kristen Wiig", "Jennifer Lawrence", "Will Ferrel"], "Best Screenplay Motion Picture with Amanda Seyfried right now": ["Amanda Seyfried"], "best role yet": ["Lindsay Lohan", "RT @LILOFANFICTION"], "Best Foreign Language Film": ["Sylvester Stallone"], "best foreign film": ["Arnold"], "Best Foreign Film": ["RT @adamzopf", "Arnie"], "Best Foreign Film to": ["Arnold", "Schwarzenegger", "Stallone"], "best foreign language film": ["Amour"], "Best Foreign Language": ["Arnold", "Sylvester"], "Best Actress in a TV Series": ["Lea Michele", "Nathan Fillion"], "Best Foreign Film presented by": ["Schwarzenegger", "Stallone"], "Best Foreign Film at the": ["Schwarzenegger"], "Best Actress in a TV Drama to Claire Danes": ["Claire Danes"], "best celebrity couple of the year": ["Linda", "Jerry brown"], "best animated feature": ["Cohen"], "best animated feature film": ["Cohen"], "best screenplay at the Golden Globes": ["RT @Rpatznewsforyou", "Robert Pattinson"], "Best Director to Ben Affleck": ["Ben", "Halle Berry", "Ben Affleck"], "best TV series comedy or musical": ["Jimmy Fallon", "Jay Leno"], "best director and best presenter": ["Ben Affleck"], "Best Motion Picture Comedy or Musical": ["Dustin Hoffman"], "Best presenter of the": ["@msleamichele"], "Best Actress in a Motion Picture": ["Jessica Chastain", "George Clooney"], "Best Motion Picture": ["JuliaRoberts", "GeorgeClooney", "Julia Roberts", "Drama"], "best motion picture drama at the": ["Julia Roberts", "@Julia Roberts"], "BEST GOLDEN GLOBES PRESENTER": ["Amy Poehler", "Tina Fey"]}